[
  {
    "url": "https://sample-videos.com/video123/mp4/720/big_buck_bunny_720p_1mb.mp4",
    "thumbnail": "https://peach.blender.org/wp-content/uploads/title_anouncement.jpg?x11217",
    "title": "Big Buck Bunny (Sample)",
    "author": "Blender",
    "likes": 12,
    "comments": 2,
    "createdAt": {
      "_seconds": 1609459200,
      "_nanoseconds": 0
    }
  },
  {
    "url": "https://sample-videos.com/video123/mp4/720/big_buck_bunny_720p_1mb.mp4",
    "thumbnail": "https://via.placeholder.com/320x180.png?text=Sample+2",
    "title": "Sample Clip 2",
    "author": "Demo",
    "likes": 5,
    "comments": 1,
    "createdAt": {
      "_seconds": 1609545600,
      "_nanoseconds": 0
    }
  }
]